latest_long,latest_lat,phone_number,driverId,color,vehicle,vehicle_regd_number,available
77.99389648,13.750110630000002,8578103561,c54a506d-9df9-40b1-b685-821aedeeb9a3,yellow,micro,KA16AB6312,True
77.97642517,13.739810939999998,8894328500,f47dcb37-bd60-42dc-9d56-bbacd3affb40,pink,mini,KA16AB7824,True
77.96870422,13.754245760000003,8591499405,927716ac-5bf8-4779-afa9-93b3a3cbbb3e,red,mini,KA16AB8265,True
77.86306,13.769580840000003,8775014326,dadb53a1-1896-48c0-8c83-6b9a450506ea,black,micro,KA16AB8981,True
77.94554138,13.779422760000003,8763990190,a0ff5034-78d9-4f41-accd-974f544658ca,white,max,KA16AB7180,True
77.87445831,13.7740097,8824443324,3a4b0163-53d2-4294-8ccc-3f72e45216b6,brown,micro,KA16AB7197,True
77.97660065,13.751895899999994,8694774248,be186013-687b-418f-b722-cdd26cd927f0,pink,max,KA16AB8478,True
77.99495697,13.74507904,8881512150,25abc6a8-771c-4a4d-b067-7de878ea1cd9,yellow,micro,KA16AB5474,True
78.00093842,13.747062679999999,8240820645,0a8567e4-51be-4df4-b96f-a40811b72e91,pink,micro,KA16AB8001,True
78.00277709999999,13.717891690000002,8905833754,eeed4981-b9ec-4840-9cd0-994837f64718,green,luxury,KA16AB9071,True
77.99745941,13.736362460000002,8925799834,8cb0d4ec-3061-42a1-8290-55a6a82e1ee5,brown,luxury,KA16AB5765,True
77.95227814,13.823993680000001,9996367314,d7bec926-e817-4361-ac61-5ff67f0b58b3,white,mini,KA16AB9320,True
77.99112701,13.750080109999999,8442135233,6d5a3965-230d-468c-9b7b-d83871ae7fea,brown,max,KA16AB9112,True
77.78657532,13.644126890000003,9954942915,aba3ea02-0cd2-4f44-a0b1-9bc15aa3a9c6,pink,mini,KA16AB7307,True
77.9936676,13.741447450000003,8365660375,359887cb-6491-44c2-a043-dc51def17c70,brown,micro,KA16AB9592,True
77.98529053,13.744083399999994,9197288835,50cd85a4-b9fe-44e1-9ca6-54cf53aaa0a7,yellow,micro,KA16AB5092,True
77.96977234,13.7856102,8632347040,2682c41f-9bd0-48cd-9266-6470bef0cdfa,blue,luxury,KA16AB8134,True
77.98509216,13.756988530000001,9519669045,edbcf89f-1aad-4063-8829-dcd9c2eb5750,yellow,micro,KA16AB8080,True
77.96616364,13.762161249999998,9998256262,8334b5de-0a40-4e1e-865e-6502fd561352,blue,luxury,KA16AB9270,True
77.97842407,13.746208189999997,8541620977,0fa3ef99-45f9-49bc-9cd3-f40fd7e9b9f0,pink,luxury,KA16AB8795,True
77.99835205,13.720031740000003,8444203519,61947b86-7e4a-4e61-bef6-f403631aab99,blue,micro,KA16AB7984,True
77.9837265,13.746341710000003,9284454862,17dc5fd8-3bf6-4301-be58-3cf6b7c15b24,pink,mini,KA16AB9934,True
77.99578094,13.732940669999998,8598518924,4809d93d-5d51-4342-9f46-acaf4b6c7ce1,blue,max,KA16AB9581,True
77.87081909,13.77370071,9594033853,40835426-d94d-486d-80e3-23720a374ccd,pink,max,KA16AB6746,True
77.96427155,13.773021700000001,9317336102,74b6ac7c-fad5-41c4-b4ec-47747e423532,red,micro,KA16AB7063,True
77.97093201,13.795921329999999,8592214676,64366072-73a0-42da-818d-a2e02b245de4,red,micro,KA16AB9583,True
77.97212219,13.759029390000002,9237231506,4ba276a6-80f6-400c-b5a2-43ff5166a487,red,micro,KA16AB7498,True
77.98056793,13.765651700000006,8147614347,e750a950-ea87-48ad-81cb-4f3bbb5699ee,green,luxury,KA16AB7386,True
77.8012619,13.667728420000003,9615544933,79b2d3e8-d30b-49d8-ad3f-9933be68a8b4,blue,max,KA16AB6069,True
77.99095917,13.74534225,8581900873,0164c99f-834d-4866-8f19-b3aebd4547af,black,max,KA16AB7645,True
77.96351624,13.77156067,8604178641,6bb699d0-4a9b-42a9-bee5-8c602116dbd1,red,mini,KA16AB5518,True
77.99138641,13.770168299999995,7999432318,9d1a6842-767f-46a5-88de-d53677322634,red,max,KA16AB6473,True
77.95426941,13.778270720000002,8406181446,f2824f30-f931-4022-85d5-ccf1e3b60daf,brown,mini,KA16AB9409,True
77.78852844,13.64778519,9721253891,a1a6e785-5906-4079-bf06-debe464d2967,black,mini,KA16AB7370,True
77.99400329999999,13.751350399999993,8609296510,20d16904-f3c6-4c1b-81fa-563c5041d749,yellow,luxury,KA16AB7533,True
78.00641632,13.739654539999997,8142733276,411e4ad7-13b9-4a45-b400-a0661bb6fcba,black,luxury,KA16AB6061,True
78.00640869,13.739765169999998,9676763858,f194db21-fe9f-4385-a5aa-64958e5c4aa0,green,mini,KA16AB7802,True
77.9930954,13.747257230000002,7849919759,f88e7106-da2d-421f-9e30-e7eea08cd6ba,green,micro,KA16AB7788,True
77.96273041,13.774169919999999,9224439572,dc544416-8ded-4920-8e92-4078472e505b,white,max,KA16AB6425,True
77.98255920000001,13.77320099,8856540471,b9ac1c89-2d69-4e6d-ae22-60b756ab3d4c,white,luxury,KA16AB6722,True
77.97618103,13.75120544,9785892786,82f8dc0d-613c-4065-986a-b86e982c0432,white,luxury,KA16AB9082,True
77.95927429,13.774375919999997,7860167595,a3f762ad-d6f6-4dd8-86e8-1c048dde1442,green,luxury,KA16AB8156,True
77.97286224,13.743522640000002,9270249527,31132d8d-46af-4a1a-ab4e-c78ae30626ed,black,micro,KA16AB5099,True
77.97223663,13.745594019999999,8719227761,b508b447-993a-4d10-bb8a-216043564630,blue,luxury,KA16AB6682,True
77.94948578,13.772071840000002,8602749613,174cfbf9-8d09-4245-8542-6dd7e5fe0ea6,blue,luxury,KA16AB9458,True
77.96176147,13.764270779999997,8650028511,c0c210ca-05db-47ef-854f-8851d9db9b87,white,micro,KA16AB5916,True
77.99343872,13.742000580000003,7821170830,3fa22e0d-10ba-4e2e-9a25-b85a59088388,black,luxury,KA16AB5722,True
77.97297668,13.761135100000004,9560980594,d0e31e92-7e01-41be-b21e-cb39e162832f,blue,max,KA16AB7059,True
77.94763947,13.775142670000001,9836382124,51237f7d-0cc6-4b43-9745-8ea81643edac,white,luxury,KA16AB6960,True
77.98516846,13.751213069999999,9670888716,53fd2422-5d4a-422e-8d3b-7b371214682e,green,micro,KA16AB5689,True
77.98387146,13.742454530000003,9358485792,5eca03f2-337e-4b70-b208-dec20e8c7491,brown,luxury,KA16AB5172,True
77.96815491,13.762359619999998,8300693026,b719905d-421e-4221-8182-78e63d368f35,red,luxury,KA16AB8201,True
78.00554657,13.726776119999997,8924943722,16764d41-e446-497d-87b2-afdf10b412b3,pink,luxury,KA16AB8909,True
77.86273956,13.768844600000001,9930500976,30bc1370-1eed-4073-ad58-66a197a290bd,black,micro,KA16AB6262,True
77.98765564,13.743644709999998,9092249897,17f7b1c9-5e4f-47d1-89ba-cf397aa1acf5,yellow,mini,KA16AB6755,True
77.94652557,13.744991299999995,9415989325,ec45796b-896c-419c-887d-75e4ec59aeeb,green,micro,KA16AB5998,True
78.01138306,13.713489529999997,8414808841,ec52c3ec-2694-4dd0-bfd3-d4dfc0874730,blue,max,KA16AB8365,True
77.99701691,13.742321009999998,7835462565,ab60091e-f939-4e7b-adb8-c26e355f797c,blue,mini,KA16AB6024,True
77.87297058,13.774032589999997,9455553820,b802dc2e-94e2-42f1-a0ed-f86d539f3a1f,pink,max,KA16AB9138,True
78.00221252,13.729492190000002,7913186666,56d0b722-6205-4627-83c4-c665263c2a03,white,micro,KA16AB7446,True
77.96573639,13.795421600000005,7791423121,bd1350e8-c609-4816-b1fd-b70f206639f1,green,micro,KA16AB5811,True
78.00695801,13.730003359999998,9652404603,00349136-c1c8-403c-a3cb-425fcd48a79b,white,micro,KA16AB7722,True
77.97551727,13.754280090000002,9887249610,9f43229e-45bb-4d4b-bd17-6a8af2a0996d,pink,micro,KA16AB6838,True
77.94737244,13.77603912,8640055304,d0b64fe9-e495-4add-86ac-140b5672ce99,black,max,KA16AB7200,True
77.96231079,13.75884628,8126238288,07b013fb-ad5d-45aa-8555-d2514f68cb8a,pink,luxury,KA16AB8851,True
77.98874664,13.755027769999998,9925210596,c385b67a-f27e-4db3-a5c8-f159f9a8da94,green,mini,KA16AB7980,True
77.98256683,13.735515589999999,8394538948,fee5bc85-f205-4375-ad83-e38a397026b1,red,luxury,KA16AB8821,True
77.99432373,13.750331879999997,8027661995,d9d92717-c7aa-4f31-9ad9-4db81762c77c,white,max,KA16AB8012,True
77.96313477,13.771789550000001,8851618195,43c9dea7-972b-44da-8bfd-404307cb3dc8,brown,max,KA16AB9321,True
77.96200562,13.759590150000001,9024245617,cecaef1b-9176-47ec-a930-1fa06f3995cb,brown,max,KA16AB7206,True
77.97065735,13.783412929999997,9607451158,10fb61a5-0f74-4551-ba05-048fd22449a0,blue,luxury,KA16AB5954,True
77.96646881,13.792381290000002,7992312580,6a522237-1206-43c3-8e0e-e1c32b680a1e,pink,luxury,KA16AB7434,True
77.98991394,13.75692368,7935247309,f5c93478-7ba0-4226-9c6a-3971962159bf,brown,mini,KA16AB9283,True
77.9852066,13.741630550000004,9020296257,831854ce-8b62-47ef-95d0-2ee1b3ed6651,yellow,micro,KA16AB6988,True
77.97415161,13.78395081,8788981454,62eb88c0-5637-4179-b834-4e6464ce33f5,brown,luxury,KA16AB8998,True
77.97924042,13.771564480000002,8199146130,39d02769-1fac-4059-8299-db3f45543dad,red,mini,KA16AB7142,True
77.99133301,13.74978256,8235859691,38095ef7-fb14-46e8-8862-baaa7f0549e5,red,max,KA16AB8158,True
77.99958801,13.721763610000004,8881112565,50afee7b-10cd-4560-b0f3-c2ff59e4b8fa,green,mini,KA16AB5493,True
77.97556305,13.755485530000001,9650776283,0693bba0-fca7-4714-8e83-84e2917e0d82,green,luxury,KA16AB7721,True
77.97470093,13.742046360000003,7790420690,ec3f26d1-0baf-4c8f-a567-13601bfd0e70,pink,luxury,KA16AB9925,True
77.9725647,13.753845210000001,8027159235,65ce32ea-2181-4e71-b315-208d1a912fb5,blue,mini,KA16AB6112,True
77.9773941,13.789897920000001,8180247486,adfd46fb-49b6-491b-88de-e99dbf7474c5,white,luxury,KA16AB7004,True
77.95783997,13.779407499999998,8877496027,cf34d394-3832-4358-b104-1aff4e6655b2,green,luxury,KA16AB8496,True
77.98423767,13.745666499999999,8925444537,f795aa2f-c8d6-4550-89f9-2c689f45652d,pink,max,KA16AB5293,True
77.98225403,13.762451169999999,9081494214,6e36d3e6-467c-4dfa-974a-15ba31a39979,brown,mini,KA16AB9467,True
77.97812653,13.75257492,8986158000,8cb26b06-b7e1-4fc2-a732-60b530477e6f,white,luxury,KA16AB7353,True
78.00622559,13.733871460000003,8757867570,57a7fa24-afc4-4b23-baa1-4e0627fa4ff6,red,luxury,KA16AB7797,True
77.97122955,13.75518417,8858136535,f379438f-46c7-466f-9c21-dc90ddc4cb9d,green,luxury,KA16AB8116,True
77.97627258,13.758934019999998,9492626089,c6e45a35-4b88-4f2b-8e76-67e695ecb00e,blue,luxury,KA16AB7628,True
77.97628021,13.775909419999998,8148559790,a84deaea-9ec3-4572-8610-efdf8d363379,green,luxury,KA16AB6870,True
77.98015594,13.76077652,7888091376,f2504f55-0b9a-4d94-ae91-de586e8e05cb,blue,mini,KA16AB9954,True
77.98032379,13.743358610000001,9110224330,05f1e13a-f2b9-4498-9c6c-7bc04b05797e,white,micro,KA16AB6232,True
77.97009277,13.7521019,8426374941,3f149ee8-bfb3-40ea-a6af-3b2c1f520dfe,brown,mini,KA16AB8628,True
77.98545837,13.751373289999997,9888951095,56975dad-6eaf-4ae7-92d9-39b03b90abe4,brown,mini,KA16AB7477,True
77.86603546,13.770744319999999,9126343158,dc617900-a5d8-46bd-acc0-88d555ead188,yellow,mini,KA16AB8533,True
77.99441528,13.724906920000002,9907024797,668e63bf-e2ec-49b9-a564-0289934d0597,pink,luxury,KA16AB6638,True
77.99421692,13.73490906,9743564780,9f9885a2-9855-4050-bc76-22ef8ed97d63,yellow,micro,KA16AB9935,True
78.01493835,13.71023178,9978881511,f88c4f24-5fd8-42e0-be80-e4e7ae293acb,white,micro,KA16AB5353,True
77.99806976,13.735664370000002,9938274742,48ef9389-d259-448a-8d74-a25b96e5cdbf,green,mini,KA16AB8738,True
77.98352051,13.76331329,8554889255,63a4c129-8cfd-4cd8-a468-a4f20a49deeb,blue,luxury,KA16AB7516,True
78.00131989,13.751895899999994,7815425708,0831eb28-0e71-469e-b516-b09557b12e5e,white,luxury,KA16AB9441,True
78.01648712,13.716274259999999,9219417325,7909f54d-47b2-4f8d-a0a6-c9284bd1b308,yellow,micro,KA16AB7740,True
77.9691925,13.762001040000001,8300848745,dca06ba0-eae1-408c-a811-a5ffd52135b2,brown,max,KA16AB8391,True
77.9547348,13.765640259999998,7868791278,add5969a-c0fd-42ca-873a-d9059742e805,green,mini,KA16AB7634,True
77.9984436,13.719894410000002,9390166292,7c457216-37f0-4e9a-a72a-03f70097e9a5,blue,mini,KA16AB6268,True
77.9718399,13.794216159999998,7931291911,49e59b32-3b39-432e-bc12-f87cfb2a9ad3,green,mini,KA16AB8555,True
77.95982361,13.77128983,8498499530,c4b324bd-a1e3-47d5-a0e8-faeca5918032,pink,mini,KA16AB7192,True
77.96163940000001,13.779808039999999,7966781073,5cbc6974-33d4-4974-bc2a-982b50a46ad2,blue,luxury,KA16AB5837,True
77.96839905,13.76218033,9407265768,cc3e484f-4df7-44a0-a0b7-453640d78030,pink,max,KA16AB7726,True
77.96898651,13.798332209999998,9040899591,f007b0e3-a3af-44b7-aa43-df9f13d813f8,blue,luxury,KA16AB6948,True
77.98987579,13.762012480000003,9599616105,ac672452-3816-4ac8-afbe-4f9cf79b85d4,pink,max,KA16AB7301,True
77.98216248,13.77657318,8604258049,3147af24-67bf-4bd4-9b89-394892d5561e,white,luxury,KA16AB5138,True
77.9733963,13.76347733,8465833901,997fb645-6c60-4f1d-acc5-3010039150e4,blue,mini,KA16AB9103,True
77.98245239,13.731494899999994,9035027757,a0c6579e-c457-4487-a485-a1013d9fd270,black,max,KA16AB8423,True
77.94425964,13.776058200000008,8229724004,edcb8aab-3f64-40e8-a9af-cc6bc6d9ea24,blue,max,KA16AB5231,True
78.00631714,13.73365784,8331139841,039c84b7-a78b-4225-a0c2-afc3897edf4a,red,max,KA16AB9841,True
77.98616791,13.722278590000002,8786211466,3cc140da-0596-4374-ab40-8630e605a19a,black,micro,KA16AB8939,True
77.96168518,13.757614140000001,9363435384,7d945801-cf3b-436e-a225-c5f679213ebd,black,mini,KA16AB7848,True
77.9727478,13.74853134,9076262544,2793c91f-f61e-4262-aaa1-a02551d931ae,pink,max,KA16AB7732,True
77.96208954,13.763801569999998,8236793555,f8f83c03-09a3-4693-b1ea-b5cd9c96de1b,white,max,KA16AB6235,True
77.9851532,13.737178799999995,9245606944,69746991-ccbb-4a98-a7fe-1e98888ef729,black,luxury,KA16AB7832,True
77.97872925,13.752243040000003,8318600205,5180f32b-57c3-43f4-88bf-b5438208ffaf,pink,max,KA16AB5373,True
77.95684814,13.783477779999998,9569462732,010f8005-c249-49ec-be83-9b1a39ef2a30,pink,micro,KA16AB7594,True
77.95348358,13.766529079999998,9533181208,ed0114a6-87eb-43b2-af7a-57f499977394,pink,mini,KA16AB6485,True
77.98709869,13.738994599999998,9461898969,15d2b42d-1965-44fd-93eb-e1eda74f56cf,blue,max,KA16AB5239,True
77.98623657,13.743858340000003,9005591290,c6757d32-fd09-4953-b1da-1157e5c471e5,brown,micro,KA16AB6583,True
77.96685791,13.761386870000003,8983594680,36e0b0a1-6177-47dd-baf4-6481e9dc43ce,white,luxury,KA16AB7468,True
77.96569824,13.759170529999999,8036371807,7476f8b0-6157-445b-9c7c-d15f98faf38d,black,micro,KA16AB6462,True
78.00165558,13.74570465,9779060184,af28bc8c-84a9-4922-88cd-2c35915bb486,white,micro,KA16AB9267,True
77.94851685,13.744541169999998,8322909909,ed9e1996-83c0-4f2c-9f80-da8269b4ce8b,blue,mini,KA16AB8889,True
77.95471954,13.689109799999997,8067246033,81b74a3b-6e3b-4323-9bd2-29636cebadb9,yellow,micro,KA16AB7953,True
77.97939301,13.784843440000003,8791757094,8f9d9d2e-1e08-4270-b50d-3c27de2476d6,black,micro,KA16AB6142,True
77.96233368,13.755397799999997,8731087333,2dfc1896-0686-4847-8656-f06b4ed2b26b,white,micro,KA16AB5046,True
77.9991684,13.72670746,9092637237,afebef98-dec6-44dc-9dc7-ef789a90c78e,brown,luxury,KA16AB8598,True
77.99319458,13.747501370000002,8717724545,bec61c48-1d6b-4904-be9b-b51fd70ba168,blue,micro,KA16AB8248,True
77.98823547,13.761631010000002,8659696975,7244950a-c91e-4192-adfb-3294f19846ce,black,mini,KA16AB9333,True
77.98677063,13.745479580000001,7908375524,50cb3314-e397-47c4-a895-7ba41d17844e,pink,mini,KA16AB9780,True
77.99420166,13.75626373,9298348042,a2d3c5dd-3389-46fc-8add-7e79172e7ce4,pink,micro,KA16AB9345,True
77.9848175,13.753345490000001,9883677215,11beb4eb-ac58-4b58-ae47-cf40c0971768,white,max,KA16AB5966,True
77.98517609,13.756511690000004,9153484331,11028464-e074-4c3f-9792-31e95e2dc9c4,pink,luxury,KA16AB7609,True
77.98865509,13.768894200000005,8563551284,d67637cf-92e7-45af-b233-e8c7061a9753,white,luxury,KA16AB9862,True
77.96639252,13.78882599,9848899677,12486b83-29d8-4bfc-8c6e-26599ee2ef08,red,micro,KA16AB6335,True
77.9731369,13.754108430000002,9611835083,b6b8a505-75f5-4980-89a6-085d554edaee,brown,luxury,KA16AB8357,True
77.97318268,13.75216675,8612208010,0fc7bba7-a1e0-47f2-9d6e-bada0a208954,brown,luxury,KA16AB9220,True
77.99911499,13.726566310000003,7978789053,ee2d3af2-1e61-4b9b-ae7f-b88b63c4ec7c,black,micro,KA16AB7423,True
77.99176788,13.74915695,9255361535,ff05c668-a0a8-4a7b-9dba-1d849bc0086b,white,max,KA16AB6134,True
77.98931885,13.736030579999998,8540391777,c2cbac89-08dc-4d9f-b9e3-e3dfd9f37a3f,blue,micro,KA16AB6224,True
77.98258209,13.73946762,8876503653,e2559132-2ee0-46be-adf5-a31fdca0152e,blue,micro,KA16AB9160,True
78.0118866,13.713779449999997,8067034450,ef509e23-8689-44ab-bfb9-7c83fba4ab07,brown,max,KA16AB5534,True
77.96848297,13.764495850000003,9203055151,7b9d8d36-ec25-4cbf-b4fb-dcc990c7bbb8,blue,mini,KA16AB5461,True
77.97838593,13.757129669999998,9553483521,49809218-8c8a-43f3-8204-04fea449f631,pink,micro,KA16AB8853,True
77.97607422,13.759937290000003,8309495734,b055dcfc-7ee8-4fa5-9734-2cd6a4904eec,brown,mini,KA16AB6607,True
77.99591827,13.754104609999999,8503948746,bc959b53-7c25-47c6-9be2-b1319eebfcdc,green,max,KA16AB8982,True
77.98551941,13.763111109999997,9057904617,dea51dda-ed95-407a-a566-4f777629609f,yellow,mini,KA16AB8013,True
78.00605774,13.745338439999998,9203584708,a167ea80-9d6f-463f-b21e-81c089df6dfe,brown,max,KA16AB7558,True
77.97014618,13.789096829999998,8292415125,50accdc8-85a9-4ad0-b4fd-9a9c08de9251,brown,max,KA16AB8817,True
77.9768219,13.750793459999997,8830318506,2bb8729f-1ff8-4ea4-b055-bd8dac0485b1,black,mini,KA16AB8854,True
77.94947815,13.781253810000003,8223387082,7b61c6e5-2f97-46d2-918b-55c6fda18cca,black,micro,KA16AB5330,True
77.99941254,13.722110749999999,9335271439,cfae1eae-4fc8-4788-8197-c5b43177bc0f,brown,micro,KA16AB6254,True
78.00551605,13.73760223,9656124864,525cbd2a-253a-4690-a78f-d5746058fa1b,black,micro,KA16AB5271,True
77.97665405,13.747566220000003,9263452741,e93e935b-efdf-4741-a327-4fcf1ed97bf4,black,max,KA16AB9880,True
77.96508026,13.772300719999997,8283161258,362f5026-240d-4396-81e2-7776a07ad02b,black,max,KA16AB8329,True
77.97304535,13.755611420000001,9959211311,a07da1aa-f8c2-47f0-93c7-1548d668dbb4,pink,max,KA16AB5173,True
77.96009827,13.762050629999997,9692392572,e61d963a-a4ad-4849-ab1a-b0d1b8a58d44,blue,max,KA16AB8102,True
77.98959351,13.762809750000002,9279768929,64ee4b22-cdda-444c-957c-f0aaa2a0da7c,green,mini,KA16AB8318,True
77.98150635,13.746707919999999,8555292572,d75fcf07-94f8-40ab-9412-68daad5d0ec7,yellow,mini,KA16AB6670,True
78.01249695,13.702613829999997,8608139861,bfab389f-6ee8-44a1-a2e4-9780cd845a48,black,luxury,KA16AB7995,True
77.99486542,13.725074769999999,8847511461,cf2f2a80-4953-4333-88f2-1fb10ae47962,green,luxury,KA16AB8756,True
77.97502136,13.753131869999997,8616942193,61fc610e-8646-4dba-8167-ef04322a0ed0,blue,luxury,KA16AB6096,True
77.98260498,13.734390259999998,8657681428,bfb786ed-8cd5-4d08-ba07-6910712dc180,brown,luxury,KA16AB8942,True
77.98284912,13.735412599999997,7878341447,a92e3a20-08bc-4a4b-afbb-d2ee71a93960,pink,mini,KA16AB9457,True
77.95719147,13.782997129999998,9489572749,eabacde4-988b-43ec-a34d-49b7513b60b3,green,max,KA16AB6511,True
77.98175812,13.75990677,9735602644,828bd006-fba8-49e2-89a3-1248903c1dcc,green,max,KA16AB6487,True
77.95582581,13.782207489999998,9434096978,b81e3014-bbe1-43a7-8eb5-0820036f0b27,pink,mini,KA16AB6775,True
77.96497345,13.755432130000003,9621441690,ebb12d8a-ddf4-4ac5-bb32-c3ce1d6b1432,blue,micro,KA16AB5835,True
77.95355988,13.776920320000002,9704718064,9ac58084-7351-4ce4-8e2c-2904763644f7,brown,max,KA16AB9963,True
77.97407532,13.76476288,9917300950,713673fe-5042-41c8-9712-992cf2dc37e7,white,micro,KA16AB8103,True
77.99007416,13.735176090000003,9974370258,294333c1-18fa-4dc6-9fb7-3b484293be0f,pink,max,KA16AB5133,True
77.96412659,13.79253387,9485297387,62a20433-a584-4293-b869-a527792e8ce3,blue,mini,KA16AB8634,True
77.97790527,13.757392879999998,8671500808,69ab2a30-08be-44ca-a42a-218948bc0490,pink,mini,KA16AB7954,True
77.98762512,13.741573330000001,8938155090,39e52354-fa1b-424e-808c-ca5dbbad1b23,brown,max,KA16AB7700,True
77.98404694,13.749324799999997,7990397565,84859471-ef41-47ed-8736-53728eb8163f,green,luxury,KA16AB8464,True
77.97254944,13.764789579999999,9345950957,7870f9b1-7382-42ed-a693-8003b2ba1e74,blue,mini,KA16AB5748,True
77.96455383,13.77020264,8438669953,cce8ba46-7015-4751-8308-e0b7003e6541,red,mini,KA16AB8737,True
77.98060608,13.73400497,8725702167,5d53297b-da15-4749-889c-d47065dd2a90,red,luxury,KA16AB7147,True
77.97557068,13.765277859999998,9488034644,201971f0-b1e0-4a5f-a571-f4a9a009a3d7,black,luxury,KA16AB6026,True
77.96572876,13.790363309999996,9457153822,6a716b74-09bb-4daf-b0f8-ed637fa6c431,brown,mini,KA16AB5024,True
77.96913147,13.760986330000001,7940141308,53c1c535-3630-4802-a646-cc3655322440,pink,max,KA16AB6915,True
78.01412964,13.71213531,8791518047,e95a1431-38e3-4e8f-a7ea-09ac26650308,blue,micro,KA16AB9967,True
77.99403381,13.750930789999998,8792217903,e2785909-ce5e-4c27-8d29-68b5fbea8393,white,mini,KA16AB5323,True
77.94548798,13.774093630000003,8097069178,6dc1e951-cbe8-4be9-b42d-b1965d31799d,pink,mini,KA16AB8571,True
77.96230316,13.767593380000001,9663655199,bbe8d45d-5c4c-46ed-a09b-183c71adb6c1,yellow,max,KA16AB6100,True
77.96742249,13.7690239,8148216993,247a04d0-ff5e-427d-8ba9-817c8759ead7,brown,micro,KA16AB8551,True
77.97927094,13.761623380000003,8155554793,73cee4ae-cedf-4e52-b169-c63c368bbcc8,green,max,KA16AB7169,True
77.98165131,13.779987339999998,8515000226,a8290577-5a4e-4123-8552-429af140f1a5,red,micro,KA16AB7414,True
77.9751358,13.77751541,9813206108,bae9c766-8bda-46ec-a72c-a01e0829f7c5,black,luxury,KA16AB7777,True
77.98650359999999,13.752017969999997,8207153866,2027d1cf-85fb-4e05-89cb-a8e33564abc3,green,max,KA16AB6815,True
77.96624756,13.765609740000002,8656786900,c11e05c1-d5b0-4375-b174-e18cf2b34573,red,micro,KA16AB5308,True
78.00570679,13.740417479999998,8237579178,f77783b5-a13b-4f93-a546-5d14d093eaa4,blue,micro,KA16AB6650,True
78.00881195,13.70446777,9436574561,de2817ef-bf0d-489a-b7d0-43e470ba010e,white,max,KA16AB5492,True
77.99788666,13.740943909999999,8293369802,c5828c1e-0fe3-4418-9ba4-6b470670a4c4,white,luxury,KA16AB7963,True
77.99003601,13.73796463,7915582240,3e0e96e9-9b34-4f8a-93ac-411f10f0a5c1,yellow,luxury,KA16AB7480,True
77.96941376,13.766361240000002,9137475108,ea098675-7155-46f7-966f-9ac7c1bd0a43,pink,luxury,KA16AB8115,True
77.78253937,13.64458466,8727986355,17c1b909-9bcf-4a91-8b8f-3aaaf864fdbe,white,micro,KA16AB9094,True
77.97823334,13.754463200000004,7858258598,eda0b5b3-6781-412d-b6f8-b0a28b1b2760,blue,mini,KA16AB9263,True
77.98632049999999,13.726131440000003,8925701620,cbd502c5-a49e-44a2-b6ef-87f57c5502b1,white,max,KA16AB8047,True
77.97944641,13.771587369999999,9897583513,1dcb8efb-d62d-4589-ba98-f03c0c90bd55,yellow,mini,KA16AB6950,True
77.98408508,13.737518309999999,8045368512,26e6e21b-3417-49e6-9466-2a086459b818,brown,micro,KA16AB5842,True
78.00341034,13.726867679999998,9184424006,88aed689-8348-4c35-a9e0-88c13a4ff9a0,white,mini,KA16AB8309,True
77.77835846,13.646762850000002,8297331698,404d4219-dc44-4654-998b-c9cf3b9f9a12,white,micro,KA16AB8195,True
77.96367645,13.777347560000003,9091377976,89942817-e7f6-4e0a-8461-3933b4f87c86,white,mini,KA16AB5175,True
77.96225739,13.779067990000001,8461467141,523d208d-4b62-421f-9cf1-b4e0e908eb89,yellow,micro,KA16AB6683,True
77.97543335,13.752159120000002,8262794021,e95f472b-0746-4688-aace-49c083929207,pink,luxury,KA16AB7342,True
77.97546387,13.757926939999997,9707750834,af2a82db-eae2-4d8e-a65f-591645be01d6,blue,max,KA16AB7763,True
77.98100281,13.75943375,8321305105,c89402d2-bb5b-4a54-87bf-21837d44bf9b,yellow,max,KA16AB6718,True
77.96006012,13.762527470000002,9685438443,85281949-6006-43e7-8f88-b0f2ffc87017,yellow,mini,KA16AB5924,True
77.95397949,13.766464229999997,8511708590,3aa23013-331b-4df4-b2f1-13bf64178a64,blue,luxury,KA16AB5865,True
77.87229156,13.77449799,8292931402,287ea48b-1b27-4016-bbe1-89478dec6605,yellow,micro,KA16AB7406,True
77.99183655,13.743408200000005,8843403557,940e9005-2d19-4e26-ab96-b88ff75d1351,red,max,KA16AB7224,True
77.99678802,13.76287842,8001006492,4afcae11-6d9c-4c87-bc5c-723a64a516d2,red,mini,KA16AB9664,True
77.97661591,13.78069687,8972896482,2ec8a3f6-3f7f-47b7-8798-6723dc7dab84,brown,max,KA16AB7568,True
77.96536255,13.765907290000001,9129512414,105fed53-b256-43c8-9741-30ec7f5d5afe,brown,luxury,KA16AB8101,True
77.95761871,13.76847076,8560183056,911d8b10-01e2-43fe-b39e-398ed817d2c5,brown,mini,KA16AB6964,True
77.99796295,13.756519320000002,8270762618,3ecd0174-c986-44e8-9a69-8f04e830690c,red,mini,KA16AB9791,True
78.01082611,13.70900726,8031973135,ea35d182-8db6-4cff-9b7e-83a81aa628bc,brown,mini,KA16AB7999,True
77.97025299,13.75899887,8567874255,04098169-598b-471e-b200-d89a5561a6d2,yellow,max,KA16AB5737,True
77.98912048,13.756393430000003,9227451572,f0107b6e-ac4d-499c-8383-2f6b87ee6b31,brown,micro,KA16AB5199,True
77.99191284,13.733661650000002,9149931886,c34a9fd1-5e3c-4945-96e7-10971afe735b,red,luxury,KA16AB7672,True
77.97545624,13.782108309999998,9469525848,2fea3357-f0b2-4e25-a023-bdeadfd7f49b,white,luxury,KA16AB6188,True
77.98490143,13.769092559999997,9741163648,806272fc-3bc9-437f-af75-6af01f6e8e78,white,mini,KA16AB6886,True
77.98446655,13.759346010000002,9554602245,d19d4bb1-b6e4-4057-80cb-042a8326ba05,brown,micro,KA16AB6217,True
77.95365906,13.766788480000002,9161089984,bebae229-d1a7-4b34-bb08-db416650400b,blue,mini,KA16AB8542,True
78.00598907,13.740108489999997,9635076005,b7589edf-862d-40ce-bb78-2bb429579d88,brown,micro,KA16AB6875,True
77.98043059999999,13.760349269999999,8333114637,11eadc86-98ae-4970-a4aa-86a6630130ca,blue,luxury,KA16AB7874,True
77.98097992,13.738185880000003,8481292490,32660ae8-8718-4ceb-96b4-95254b106188,green,max,KA16AB9348,True
77.98873138,13.75407028,8897405046,f00cfb02-60e5-4cf1-8695-3e8cbbc588db,red,mini,KA16AB5829,True
77.99161529999999,13.75009918,8287604668,db7e7bb4-017c-4ed9-9d50-ef711ff8abcb,red,luxury,KA16AB7219,True
77.99288940000001,13.753845210000001,8124427693,f7dab33e-77cf-400e-8daa-0f732732aa72,pink,luxury,KA16AB6999,True
77.987854,13.754936219999998,9262888788,691ee8aa-5c17-4333-b5f0-f6fd1ed07ae4,pink,max,KA16AB7838,True
77.98908997,13.75322723,8423694293,cd014af5-05f7-4eaf-a458-490d434e3ecb,blue,max,KA16AB5496,True
77.98497009,13.763702389999999,7842190908,4aad8c75-8d36-4378-ab0e-c0c6b194bb1c,yellow,luxury,KA16AB6076,True
77.8709259,13.77367401,8526368395,b0f4475f-ca54-4a78-9171-4fe2f3153298,red,max,KA16AB9324,True
77.95475006,13.773658750000003,9795982334,2edefc58-b66c-4935-bb78-a9c3024a6cca,yellow,luxury,KA16AB6297,True
77.96900177,13.761028289999999,9448856894,39193933-6fb7-4b36-8b40-57ba679ea4d0,green,luxury,KA16AB8081,True
77.98990631,13.775840760000001,8217876311,250669e2-ef17-4184-8c1e-08b3aa6ebbcf,red,luxury,KA16AB7708,True
77.97954559,13.749389649999998,9628946052,2fea0ccd-5962-4799-86e1-06139f8e1d53,white,micro,KA16AB8498,True
77.96670532,13.804321289999997,8856102822,d57fb156-6d47-40aa-80db-3ef5de081d63,red,mini,KA16AB8948,True
77.97691345,13.752433779999997,8676913998,9fcbd0e8-2cfd-4872-ba5d-e0baf71a593a,white,luxury,KA16AB9741,True
77.97419739,13.752109529999998,8198264215,ceee7bde-06c6-4775-8a64-bd484f6e67a5,brown,luxury,KA16AB5105,True
77.98048401,13.730537409999997,7797183440,c996f35a-9037-4844-b92d-89cea3f512a4,pink,max,KA16AB5315,True
77.96199036,13.763019559999996,9670725209,47376bf5-1a01-4e94-974d-cdbb01030f39,black,micro,KA16AB5875,True
77.96024323,13.813266749999997,9049187979,9e68b4c7-2be3-42b1-993a-c015f4340b05,white,max,KA16AB9904,True
77.99386597,13.726478579999998,9515358725,f46633d7-9f79-4b60-b8a6-f62165a43ec9,green,micro,KA16AB8856,True
77.97033691,13.765056610000002,7933741214,5c11c8a2-72c6-4ecd-adf7-ef36ea93c569,brown,max,KA16AB9272,True
77.97387695,13.764179230000003,9207349140,8b41c83b-8004-4a68-ac06-01d5fb639028,pink,max,KA16AB5367,True
77.98752594,13.732505799999998,9705597659,dbb34ef0-e3ba-4363-92fc-7620f38b7c29,pink,max,KA16AB6003,True
77.99472046,13.750595089999997,8397024696,fd0bb408-4894-452f-a1e3-5a2dddc4d0d9,brown,mini,KA16AB7276,True
77.97637177,13.76343155,9177276074,81762294-f9fe-47f2-89d7-d00ecb21b204,red,micro,KA16AB7487,True
77.95477295,13.765457150000003,8829218537,db54aead-9e9f-4817-96b7-c75b1a21943e,red,mini,KA16AB6610,True
77.95503235,13.778415680000002,9000050760,39c7d098-3365-4100-9c61-548bd6088c01,brown,mini,KA16AB8007,True
77.95035553,13.771278379999998,9499416372,513e3a00-e1a0-4d95-a5b2-20335ded7d21,yellow,micro,KA16AB5687,True
77.95650482,13.770702360000001,7931253744,f40654e8-88ba-414d-9a37-3fbfb4169033,brown,mini,KA16AB8439,True
77.78193665,13.644710539999998,8984323421,f7042f15-78c9-4504-86ad-9b9c689e71b3,green,max,KA16AB9585,True
77.97892761,13.750377659999998,9091776896,c3ac6bb2-acea-4795-92e5-d470385f5fd5,red,micro,KA16AB9087,True
77.9934845,13.73516464,9680697027,d9a1682b-7c70-4cf5-b28f-928d0306af54,white,luxury,KA16AB8668,True
77.97502899,13.760990139999997,9233791021,f961be54-b550-4afd-97ac-7e5103595570,green,max,KA16AB7243,True
77.95440674,13.76395798,8888421591,4337efa4-ce73-4838-b822-efe8c12459ef,black,max,KA16AB8522,True
77.95636749,13.78319931,8277680932,169434ea-f669-4866-837d-59b4a881fca7,black,max,KA16AB5622,True
78.00182343,13.750877379999999,9564717993,f3dd24e3-d97b-48a0-a5e7-ce5d3af975c7,yellow,max,KA16AB8604,True
77.97843933,13.749626159999998,8355875053,79f8b4b1-857d-4c46-93c3-f8d3c4fae51a,black,luxury,KA16AB8022,True
77.9719696,13.782085420000001,7892862542,b2252132-49aa-4b5e-9a0e-820c5e1c4cb8,white,micro,KA16AB7400,True
77.96221161,13.75906372,8505063231,ff71d24f-8c5a-4b2f-9d8d-d78f0d889233,black,micro,KA16AB5406,True
77.98879242,13.740280149999997,8653998305,e75a7826-b4b5-4725-9d65-78bc4331fe73,brown,mini,KA16AB8579,True
77.96638489,13.804710389999997,9436968274,4982647c-1ea5-4660-bf66-bbfc7f3a7050,black,max,KA16AB6086,True
77.98246765,13.773521420000002,9469060439,7c486982-9409-4cf9-bf65-37984223841f,blue,luxury,KA16AB9936,True
77.97194672,13.759468079999998,7974072343,5e0876dd-5c0c-4375-89ac-873df95d4350,brown,micro,KA16AB9212,True
77.97073364,13.762622829999998,8716586190,dd92b3cb-ab18-437b-a0fb-3a9c39221d7b,blue,max,KA16AB7337,True
77.95665741,13.767082209999998,9093427678,ff89220c-c9b8-4848-b24a-3c079016793b,pink,luxury,KA16AB8805,True
77.97408295,13.778926849999998,9689068368,f5d745a5-beae-4cee-abcc-2a7f5ad730ea,pink,max,KA16AB9471,True
77.97773743,13.76435471,9752737311,6a17363e-5227-4e0a-a74d-3c04895ed8fc,white,mini,KA16AB9064,True
77.96961975,13.75938034,9102911964,6aa7c3fd-23b5-42a8-bae3-25eca8a4addd,black,mini,KA16AB9359,True
77.98236084,13.771251679999999,8692113090,58dfa2f0-3400-4844-8d68-83b4a79d590b,black,luxury,KA16AB9530,True
77.97057343,13.76781845,9775132349,8868ed55-f0ba-42b1-96ca-c55d8c042824,pink,micro,KA16AB5361,True
77.98538208,13.75714111,8867393215,1bc691e3-73a3-4972-8e3d-81c6b5306732,pink,luxury,KA16AB9433,True
77.98197174,13.765674590000003,8865467022,ec39cf64-e315-45ac-9b67-366b84e93bdb,green,max,KA16AB7683,True
77.97293091,13.795585629999998,8336440035,053c1ea0-cdfe-4295-b9c8-035370946101,black,luxury,KA16AB8622,True
77.74542999,13.58639145,9591823336,6f9701fa-2706-44e9-972e-8fee02675b1a,white,micro,KA16AB9822,True
77.98985291,13.734405520000003,8451800136,b2b22cfb-61a1-4e0f-995c-60ab071c9da5,green,micro,KA16AB6596,True
77.96231842,13.779136659999999,8231608841,36923fd9-876c-46db-a4a9-6a318f6e1d7e,white,mini,KA16AB5198,True
77.97229004,13.746543879999997,8829317870,80c2e37d-f3af-4a46-9186-666258e05dd4,pink,mini,KA16AB7792,True
78.00809479,13.739372250000002,9539298467,09fccc02-667c-4f75-8e7e-ce6f3931b7ab,red,micro,KA16AB6943,True
77.98420715,13.746269230000003,8581764259,78b34604-8f6c-4699-a341-d90b85fe8479,yellow,max,KA16AB9879,True
77.98188782,13.740596770000003,8864769334,8a4c3f35-837a-4daa-ad94-55b9bf5d2d71,red,micro,KA16AB6605,True
77.96213531,13.76808167,9546084840,43beca59-0dd4-47cd-8a78-5f21640bbab6,black,micro,KA16AB8093,True
77.98171997,13.75831985,9246271735,e0698af6-72ac-418d-ba29-2d3290cf801a,blue,mini,KA16AB5898,True
77.98336792,13.74129868,7996423613,6550ab2f-2b5e-4513-be31-56bf7fbcb7ee,yellow,luxury,KA16AB8952,True
78.00498199,13.751689910000003,8620512004,bf8b1a03-3a51-42e5-919e-00a74b98026e,blue,max,KA16AB5107,True
77.95946503,13.77934647,8238220979,e965a8a7-06d5-41eb-919e-057b53dcfe89,brown,max,KA16AB9353,True
77.98235321,13.776748660000003,8386860020,1d926508-b26e-48eb-aeb6-5948fd247075,blue,luxury,KA16AB6932,True
77.98011017,13.762062069999999,7954029830,be3a14e0-2a69-4e6a-8645-85cc7f4e9417,brown,max,KA16AB5794,True
77.97639465,13.739620209999998,8478941779,36bd010f-c8f0-43c2-a4a2-9d95922e190e,yellow,mini,KA16AB6242,True
77.99404144,13.727531429999999,9430293166,6b972e0c-1e5e-4243-aad4-4024cf910561,red,micro,KA16AB7441,True
77.98117065,13.759391780000001,8447141062,4f8f12b6-3e21-4c60-b09e-bb48ccfbf132,blue,micro,KA16AB6245,True
77.98143768,13.759441379999998,8847212838,785c3327-396e-470c-be41-6f4320c423af,green,mini,KA16AB5922,True
77.92948914,13.75658035,9535575437,592660e8-c462-4004-b380-a36b2156a3a9,brown,micro,KA16AB6612,True
77.97641754,13.748016360000001,9349804525,3147cf03-7785-4d59-91fd-9eddf8540765,black,micro,KA16AB9402,True
77.96311951,13.76504517,9809158536,008728bc-81a8-4f9a-bd64-d1c2529cb6a9,black,luxury,KA16AB9197,True
77.99105835,13.749526979999999,8744846018,a378efc0-2187-416d-82a5-01d862e9dd26,brown,mini,KA16AB5968,True
78.01488495,13.713752749999998,8691548379,db2ac2d8-36ca-4216-9f69-c6e1ca43bfdb,black,micro,KA16AB9693,True
77.95938873,13.78290939,8977509773,baeb7493-1190-4176-8df6-1ec457960e94,yellow,max,KA16AB7152,True
78.00210571,13.71515274,8250377575,0588fea9-1611-4bc0-93e2-b56f2c88067e,red,micro,KA16AB8614,True
77.98394012,13.743480679999998,8410614663,76545158-8505-4c5d-86a8-24102ba8ce9b,red,mini,KA16AB9038,True
77.96240234,13.760578160000001,9750276694,3a85e049-0896-463b-89e5-e4876dee702d,yellow,max,KA16AB5553,True
78.00260925,13.73056793,8512649351,2bca6c41-433c-4c26-b4ca-f0095d587ad7,blue,micro,KA16AB5857,True
77.98848724,13.733905790000001,8400169493,8341a0d2-89c0-4e61-a707-627236e4a644,pink,mini,KA16AB8645,True
77.96180725,13.779647830000002,8912328132,68b31bd2-e69c-44f6-a5c9-7c3ef6a8094e,yellow,max,KA16AB5342,True
77.95309448,13.771682740000003,9421999069,f49aeea9-920f-4763-86ab-3ea229675324,red,micro,KA16AB9609,True
77.99061584,13.739429469999997,9480994340,a144fa43-aa52-4925-b98c-28754f69bd4e,red,max,KA16AB9291,True
77.98199463,13.77712631,8193264400,4853a033-a438-442e-9075-f9594f9307b8,yellow,max,KA16AB8179,True
77.98072052,13.762710570000003,8143532949,b7a83bbc-ce6b-41f3-a474-8ccb70b81424,yellow,micro,KA16AB8549,True
77.86420441,13.769515990000002,9251041940,1416be1c-710e-4480-9f55-83db0a7e8095,red,micro,KA16AB8389,True
77.98206329,13.77233124,9989852297,59447aaa-95cb-4ee6-a62c-21542752d9d8,black,luxury,KA16AB7182,True
77.99359131,13.743144989999998,8610310244,606da0e9-3d8f-43e5-9597-c217cb0c1b5b,red,max,KA16AB7597,True
77.95490265,13.788375850000001,9570226835,42c58a64-b1b5-4922-a79e-9167d17f2f7a,white,max,KA16AB7096,True
77.97532654,13.749912260000002,9573020960,4495c642-8b8f-400c-879e-c3f43f2c303a,pink,max,KA16AB7130,True
77.98648834,13.763351440000001,7848022993,e350a0d3-c275-43b4-9b24-38f0aab0b1ed,red,luxury,KA16AB9392,True
77.96868134,13.761634829999998,8852209023,ea23ba3e-5a77-4393-87e0-a2416ffbdd6a,brown,micro,KA16AB5880,True
77.78986359,13.643848419999998,9274781026,cde97bab-2f8f-4925-a6f0-f9ef84ac6cc2,white,luxury,KA16AB6124,True
77.96932983,13.759983060000003,8465163078,4f299b11-2314-488f-8c18-0b9445771685,blue,max,KA16AB5276,True
77.98922729,13.763153080000002,8290365178,89479b32-b041-425d-b2e0-b015732dc2f6,white,max,KA16AB8008,True
78.00582123,13.717357640000003,8547906027,5d927283-c3b0-49d7-b188-c5f1e4518872,brown,luxury,KA16AB6711,True
77.99308777,13.762859339999999,8684854077,958c98f5-4e65-454a-b5a3-3e6d9656cf4e,brown,mini,KA16AB7456,True
77.97036743,13.761913299999996,9139338268,142d6952-0edf-4d61-9959-d7b8d0a919b5,brown,micro,KA16AB7042,True
77.98771667,13.765277859999998,8082288483,a5cc8c6d-6f01-4ffe-84fd-394ea9da3c98,blue,max,KA16AB5448,True
77.9785614,13.759178159999998,8848389004,2dfc7aa3-b104-43b1-b7e2-9fc27a51767e,pink,mini,KA16AB7099,True
77.95333862,13.77587509,8524810241,e212f907-6455-4381-a8c3-8f29deea3d20,brown,luxury,KA16AB5678,True
77.97346497,13.761932369999997,9045870513,830c0fc4-bb24-458a-8c5a-cacdc2c8ebb4,yellow,max,KA16AB5672,True
77.9797287,13.755432130000003,8578566687,01b8b708-8a52-42b4-88e2-8c0fd8b743f2,black,micro,KA16AB8477,True
77.99086761,13.739734650000003,8087328411,fb2f6f0b-8260-4222-85fa-7815f4061c09,pink,mini,KA16AB6692,True
77.94491577,13.78725815,8749469909,de614876-3753-4b38-b68f-f4d7f707724d,pink,micro,KA16AB5210,True
77.99758148,13.75716782,8794686955,90b1ec28-48d6-4d98-8539-2b1b57909878,yellow,micro,KA16AB9561,True
77.96144867,13.796211239999998,9011757587,6962e5e5-4d7e-455a-bbd9-860cf30adb5f,green,max,KA16AB5548,True
77.95589447,13.768131259999997,9692379285,a327008f-5915-4ad4-87f7-3935b20d57a7,green,max,KA16AB5390,True
78.00468445,13.741920469999997,9223930011,c0cbf2d0-1bb6-47e6-900f-3df1059b361c,pink,micro,KA16AB5866,True
77.96831512,13.762115479999999,9123449827,a5cda000-1130-47c1-bb66-4aba46668e0d,blue,max,KA16AB8749,True
77.98867798,13.722488399999996,9036435849,04b20179-18bc-4009-9225-2e24840b06d2,red,luxury,KA16AB6408,True
77.99147034,13.731803890000002,8955948110,b90161d4-3269-4f49-8492-574c9d0bb253,white,max,KA16AB8992,True
77.97647858,13.682899480000003,9424108820,57a86ece-f3c3-4918-8849-758027bc7b06,white,mini,KA16AB7188,True
77.99559021,13.724666600000006,9870066434,3d636e25-ec8f-4e25-9393-1bec357b75e4,green,luxury,KA16AB8539,True
77.96570587,13.793109889999997,8334245827,3d2cbc14-d454-4a6e-b472-faf83670a109,green,max,KA16AB5735,True
77.97155762,13.757354739999997,9974643121,644b904f-0544-4c3b-aeba-5c615f569272,red,max,KA16AB6205,True
77.96743774,13.772254940000003,9169551611,df636fb6-c0a8-41d8-a69a-fdf1dad28728,red,luxury,KA16AB7504,True
77.96317291,13.771549219999997,8946709901,da1247c5-8683-4141-a13e-87386e0de6f2,yellow,max,KA16AB6534,True
77.96286011,13.769447329999998,8814174210,315e3fef-6b1a-46d1-8993-8ce3e6f57b16,black,micro,KA16AB9256,True
77.98693848,13.733928679999998,8177373063,3b53567f-f861-4dff-93e9-62582609a8e7,yellow,mini,KA16AB7759,True
77.8660965,13.7707901,8043908410,36882898-73b9-4204-bb8f-24d86490f9fd,pink,micro,KA16AB8345,True
77.99493408,13.726112370000003,9308274060,beabe7a9-b1b4-4edf-8aae-a144740a1b1c,yellow,mini,KA16AB7511,True
77.95212555,13.791465760000001,7816808889,1680680f-e29c-4795-a841-d9531e2acdbc,blue,max,KA16AB8447,True
77.97445679,13.732391360000001,8953600634,06f64c15-f870-4165-bebd-8640a4125e55,red,luxury,KA16AB5094,True
77.97393036,13.756332399999998,8255366264,164e3e11-0532-4b75-a7f5-009a751be082,blue,micro,KA16AB6228,True
77.95979309,13.767635349999999,7908907670,755f3dbb-552c-4bfd-8766-51da3c954a62,brown,micro,KA16AB7388,True
77.9578476,13.780609130000002,8133474573,39a0ac6c-f288-4a6d-84bb-d156b171e9f3,black,max,KA16AB7038,True
77.87094116,13.77380753,9804944627,18c8575b-367c-4616-8884-cb516947d725,green,luxury,KA16AB6152,True
77.98433685,13.754535679999996,7788419734,607cbbe5-6bcf-4476-aaec-7b44b6603afa,pink,max,KA16AB7090,True
77.95713043,13.785686490000003,8997333506,459ae3aa-2d90-4690-9533-a5f38a68efe7,pink,max,KA16AB9773,True
77.9788208,13.777557369999997,8653279995,05eb541a-4041-48ff-ad3e-2fc6bae9f8be,black,max,KA16AB6429,True
78.00671387,13.731006620000002,7911164329,3326bbf0-37b6-4672-a6bb-5eca6c941d6e,black,mini,KA16AB6154,True
77.96563721,13.76203537,8483163979,267fbb95-f876-48f5-8e54-6c9eea5c660b,green,luxury,KA16AB7529,True
77.97328949,13.785095210000001,9390760096,b277f2b8-6ca6-44c4-8635-3dc5a6c87aa9,black,mini,KA16AB7208,True
78.01005554,13.72147751,7937227768,b6e563e8-58dd-403b-b7c2-2481c1db7843,pink,micro,KA16AB8842,True
77.99623871,13.76389313,9261263894,741ab679-c515-4ad3-b4e0-1994f1cea5a4,green,max,KA16AB8736,True
77.9930191,13.754081730000003,9431016465,b708b039-77d6-4ae0-bb14-ed77694687c5,blue,max,KA16AB9891,True
77.98065948,13.764869689999998,8943056598,9578619c-4265-40be-a406-c3bd26612326,brown,micro,KA16AB8141,True
77.97776794,13.783927919999996,8313519264,53a0f515-fafb-424b-b6a3-56ee7cc56fbc,brown,luxury,KA16AB5384,True
77.96606445,13.76538086,9105871553,6e97fa8c-1ab7-4238-ac7d-c539610098cc,brown,max,KA16AB9078,True
77.86569977,13.770126339999997,8200411421,e1cc9eb3-679d-47c0-9277-d479699633bd,pink,mini,KA16AB5025,True
77.97772979999999,13.752201079999999,8154560604,2c57bc67-a599-4a86-a2f9-c9503f18fb49,yellow,luxury,KA16AB5432,True
77.98712921,13.733436580000003,8858352398,8885a886-622b-4af0-be9d-40038f3c5dbb,blue,luxury,KA16AB6068,True
77.96674347,13.757080080000001,9909959532,3e3f7c9b-721e-487a-9c3a-e4e1875d72b3,green,max,KA16AB6474,True
78.00285339,13.76044083,9396024420,148de3e6-b4a0-47d7-bd57-eeb970fd0f75,white,luxury,KA16AB7751,True
77.99684906,13.722957610000002,8537085291,82e43f4c-56b7-46b8-87d0-3dee1f981adf,brown,mini,KA16AB8840,True
77.99739075,13.746505740000003,8852211845,e5b859d3-607c-4125-a21a-774fe623721a,white,mini,KA16AB6826,True
77.99223328,13.749530790000001,8780010462,3dd795d7-c9ab-4a83-b5d4-96517461dc8f,green,micro,KA16AB7596,True
77.99466705,13.74195099,9376713354,13acf4db-9c71-45e5-86be-89fa90bb061d,yellow,micro,KA16AB8949,True
77.98485565,13.76114655,8488454731,8a07606d-5fcd-414d-934d-fcb2a120fbbc,brown,micro,KA16AB7162,True
78.00498962,13.729015349999997,9928549110,a3c4a096-ec40-430b-9959-ff79d23e6146,black,micro,KA16AB8409,True
77.99395752,13.751380920000003,9703083761,951ed202-75f0-4fb6-bd6e-ce424d06fd28,black,max,KA16AB5762,True
78.00765991,13.732212070000003,9324576468,7ace9bb3-8c0a-4ae2-8b06-c21fcbd2c5d5,green,max,KA16AB8605,True
77.99134827,13.739845279999997,9549495628,81e35ad1-0549-4f3e-86d0-a85123f0702a,black,max,KA16AB9225,True
77.98856354,13.748691559999997,8720346417,dadad974-2458-48e7-8961-709ee303e096,brown,micro,KA16AB6890,True
77.87480164,13.774051669999999,8849773369,606430a9-08d7-4b73-a118-867936083946,brown,mini,KA16AB9813,True
77.98672485,13.746044159999997,9153196258,80b54fa7-5745-4e82-a3df-a06c4ff718d5,yellow,luxury,KA16AB5830,True
77.96935272,13.75733185,8879761631,196194d4-c240-40b9-8aa8-98e11823be39,pink,max,KA16AB5034,True
77.99103546,13.750541689999999,7897559938,1db02ddf-9ecd-49f9-887a-3aeeab79d806,red,luxury,KA16AB5726,True
77.97711182,13.750141139999997,8024811173,5a073c21-3c77-4013-aba3-5f70080fb4ac,pink,micro,KA16AB9158,True
77.98215485,13.764423370000003,8266423784,df1f24ce-dce7-469c-846a-45828018e409,yellow,max,KA16AB9010,True
77.97012329,13.755989069999998,8053752538,9c44f63e-6fa7-483e-8a5a-288aedcbecba,black,mini,KA16AB5919,True
77.95760345,13.785186770000003,9679981227,811bb530-bffd-4566-91ed-365d35d0e90c,yellow,max,KA16AB5564,True
77.99529266,13.739116670000001,9372113586,e20e088d-41f4-4934-a573-abfb81ae0728,white,micro,KA16AB8292,True
78.00750732,13.743053439999997,7959100376,90f291d2-a054-41f0-a3fc-15aa9c060223,white,luxury,KA16AB9838,True
77.95425415,13.766460420000001,8333918126,7fa3ac2e-d9ec-4f6b-b492-83652bd435bd,brown,micro,KA16AB5558,True
77.97413635,13.763484949999999,9895535727,401fc3f9-bcef-4509-abd1-1fe646026cad,red,max,KA16AB5321,True
77.97522736,13.787361150000002,9989787297,84713c45-c261-403d-bc5f-eba57294dd6c,brown,mini,KA16AB8369,True
77.95550537,13.776950839999998,8743517142,3dbce85f-e1c7-40c6-832b-a38fbfca770f,yellow,max,KA16AB7840,True
77.96128082,13.771877289999999,9974694481,15acd010-578e-4e56-b6cb-59561ca47aba,yellow,mini,KA16AB7097,True
77.95850372,13.76424789,8594192140,cfc87abb-f161-4a38-8ddd-0adfdded86ec,black,mini,KA16AB6413,True
77.97766113,13.778831480000001,8162049137,2838b814-cbff-43be-bffc-935d98f99978,green,micro,KA16AB9249,True
77.98133087,13.759502410000003,9403257929,7a59e394-0e48-4954-a2c6-a31904c2a20a,pink,luxury,KA16AB7703,True
78.00930023,13.715339659999998,8396674147,40c139ec-8d29-4c8b-8298-d06a366896f7,red,mini,KA16AB9294,True
78.00865936,13.713768010000003,9316420559,52fe36aa-28a1-47b4-ae0b-e10bab6d19b0,red,max,KA16AB5203,True
77.97808075,13.748222349999999,9307085145,a4509b14-77bc-4f09-846c-e11b801b1dcb,pink,micro,KA16AB7031,True
77.96824646,13.754627229999997,8957852248,9c803f5b-dae5-4e93-9bab-46de9a8583d4,white,mini,KA16AB5273,True
78.00378418,13.747596739999999,8865557729,b0058781-c802-4720-b713-36587ca620f6,red,mini,KA16AB8457,True
77.98275757,13.745811459999999,9527938905,c54265b9-052e-4695-b743-44075d7a021a,black,max,KA16AB5725,True
77.9825058,13.745246889999997,8184717772,8e5066a4-40ee-4f71-bbd9-214eeae81e83,yellow,luxury,KA16AB7026,True
77.97507477,13.752738950000001,8595612875,50780452-00b0-42aa-936f-0af13555d165,pink,luxury,KA16AB7117,True
77.98303986,13.734832760000003,9947678328,bbcfdc59-1fbe-492f-ba81-00d3f422fc1a,black,micro,KA16AB8674,True
77.98632813,13.739906310000002,9888102967,aea1da00-29c2-4761-9ce9-348925b07efa,pink,luxury,KA16AB8206,True
78.00598145,13.71993637,8479827151,38c993fc-bbf7-406e-814a-44e8e3825dce,blue,mini,KA16AB6109,True
77.79013062,13.643413539999997,9627392234,d3fb72a6-171b-4d2d-b522-9de23add1810,blue,micro,KA16AB6010,True
77.99280548,13.742683409999998,7985787701,d737a83e-7239-471a-a0e0-6a8027090db5,white,micro,KA16AB9428,True
78.01061249,13.713233950000003,9510640744,8b355115-f087-4ff2-8d47-cea47de08096,white,micro,KA16AB7226,True
77.99557495,13.736881259999997,9245885182,2c5b1965-f94d-4c18-ab85-0e518c96cbd4,white,mini,KA16AB7691,True
77.99555206,13.739154820000003,8483239221,9750d9c3-e858-40c7-a7d4-d0fcffef9953,pink,luxury,KA16AB5867,True
77.96974182,13.784759520000001,9719069498,98cca2c8-a11d-411f-8adc-dffae99672e9,blue,max,KA16AB6615,True
78.0064621,13.739379880000001,8794593432,12f22f80-6f67-452f-a896-05b935a02f1d,blue,mini,KA16AB9807,True
77.97759247,13.764316559999997,9155672139,5ac40d7f-68b0-42a0-b796-73ef891e6f82,brown,max,KA16AB7443,True
78.00421906,13.750175480000003,9192011273,f3f4b940-8ca5-43a5-a021-353c78b7b767,red,micro,KA16AB6447,True
77.98146820000001,13.767475130000001,8106054750,5dd5e134-003a-463e-9b7e-6641cfe1360f,pink,luxury,KA16AB7018,True
77.95546722,13.77368164,9989891228,b47593a6-99bc-4271-81f4-93a042bcaa00,black,micro,KA16AB7521,True
77.96287537,13.772190090000002,9754303810,1bf46bc8-7b3d-4ae8-8bc3-d7a54787d18b,white,max,KA16AB9140,True
77.99743652,13.73656845,8046985659,e54241b9-20fc-4338-b0eb-4f4c3c546d63,red,micro,KA16AB5334,True
77.97493744,13.752231600000002,9205032073,0e8e6649-d42a-4350-94e1-131e0f3a7767,brown,luxury,KA16AB8340,True
77.98671722,13.763092039999997,8910343489,fad28a02-81b0-4334-bfdd-a06077036cb7,green,luxury,KA16AB9515,True
77.99006653,13.7444725,9391658691,9a65439c-24c3-4bd7-a616-e997ecc8302e,green,max,KA16AB6218,True
78.00395966,13.760410309999997,9623850705,4a4d7abb-b47f-42da-a2b8-40c337bd0bee,yellow,micro,KA16AB7889,True
77.97248077,13.781169890000001,8567216216,ab317089-08ee-466b-83bf-90b82b7bad3c,black,max,KA16AB5480,True
77.98532104,13.741531369999997,8550886422,1debacc7-f610-44c3-a063-faf59cca9234,yellow,luxury,KA16AB5607,True
78.01040649,13.719436649999999,8915410413,d7120e01-7758-4d49-9433-57cb70f47daf,white,micro,KA16AB6894,True
77.95410156,13.766441350000001,9747157994,48cdf4c4-63a2-415c-a27c-96f4a2344c1a,brown,luxury,KA16AB9642,True
78.0069046,13.7438736,8775854701,9213ba64-51be-47fe-9461-9aed5abeabfd,blue,luxury,KA16AB8042,True
78.00440216,13.74230576,8452697831,3b772271-2662-4c3f-b2b9-8539ec54c74b,white,max,KA16AB6070,True
77.98864746,13.769153590000002,8320067356,1a0c1ca7-2f35-4d0f-af72-af9d06977ec1,pink,mini,KA16AB5408,True
77.95021820000001,13.779891970000001,9999054239,a6949f65-5b2e-4923-a2a8-bf198f0331f5,green,micro,KA16AB5051,True
77.97742462,13.751941680000002,8653554384,8695064a-1b8f-4310-a186-b72884fe7b49,blue,max,KA16AB5782,True
77.78838348,13.647312159999998,9994962908,0d7513bc-918c-4c9f-b40a-91da64672ca2,red,max,KA16AB9244,True
77.95391846,13.742706299999995,9560952039,99a609cb-6bdd-431e-83ef-fd4201583009,blue,mini,KA16AB7850,True
77.99171448,13.74438095,7876216439,16dc9407-1320-4e6d-ba6d-1da7baf86722,green,luxury,KA16AB6924,True
77.98549652,13.744419100000002,9186797693,d33dda1d-4b1b-4067-aafe-162d55a77d0f,blue,max,KA16AB9945,True
77.9743042,13.751163480000002,7786843123,00a71d4e-258d-4ef9-b925-7257697ff485,white,luxury,KA16AB7362,True
77.97651672,13.751865389999999,9530865716,1a5584ea-e96d-4d65-93d6-66927045095f,yellow,micro,KA16AB6787,True
77.99886322,13.76114655,9888077230,82562635-77b3-468c-b29e-77895897e83e,pink,micro,KA16AB6995,True
77.95308685,13.782855990000002,9314789936,adde3568-790b-4aca-a3b0-cf061d150f62,green,max,KA16AB6330,True
77.95166016,13.80466843,8031901377,e3bb2e75-cfc4-4f33-bdbf-6c104a0cf888,pink,micro,KA16AB9008,True
77.98079681,13.75067902,9219248061,4a16eadc-80fb-431f-a0fd-4baed27082ef,brown,mini,KA16AB7069,True
77.96634674,13.761451719999997,9260637977,7bd80073-d533-4061-9de6-90a794be6a02,yellow,luxury,KA16AB7061,True
78.00352478,13.732059479999997,8514933961,95f7f8dd-e666-4e70-82fa-2324cdbe162a,green,luxury,KA16AB9443,True
77.97431946,13.76236343,8579855768,cdff56d8-3639-4fe7-a1a1-9ade9c2b79cf,green,mini,KA16AB6317,True
77.9789505,13.78505707,9268916097,d6153594-3f41-49e1-b5c9-c31e874afe5a,green,max,KA16AB8639,True
77.95498657,13.745101929999997,8541317387,896933da-a312-45b9-898c-70c21d3d47dc,brown,mini,KA16AB6082,True
77.99243164,13.724010470000003,8947772599,7219097d-848e-4f8f-96ea-ee8b3f69de08,green,mini,KA16AB8075,True
77.96192169,13.77093506,9441459633,cea8ec20-f7df-4807-ac03-037c4bf17b50,white,micro,KA16AB5819,True
77.96772766,13.755889889999999,8320535755,d265da0d-f012-4911-8f4b-70a3e16a16bd,blue,micro,KA16AB9795,True
77.95696259,13.77428055,8107057348,36711a48-e13b-4a12-bc61-584fbdf112e3,green,micro,KA16AB9020,True
77.99375153,13.72099686,9944696003,0e822f42-c944-465b-8fa8-eb4c2f908b4e,yellow,mini,KA16AB6018,True
77.95998383,13.78236389,9266438980,d02e8b52-fbe4-4386-96a7-43c126bb88c9,brown,max,KA16AB6983,True
77.98078918,13.729820250000003,8884284057,85906092-aa44-42e0-9549-897ec179521a,green,max,KA16AB6067,True
77.94625854,13.778659820000001,9209815455,5838fcf4-80c1-4589-953e-523ec08913a8,black,mini,KA16AB6016,True
77.98326874,13.741493230000003,7791700602,9c783901-504c-47e0-9e27-0fd3fb27dea6,blue,luxury,KA16AB6902,True
77.99041748,13.755866999999995,8794273957,540a7d0d-3f0c-4acb-844c-0bb8a28e6bf2,pink,micro,KA16AB9437,True
77.97115326,13.763973239999999,9635222011,567aad4f-6650-44da-b971-80c4e8523b78,red,mini,KA16AB7572,True
77.99406433,13.75120544,9420768146,05831dc9-6934-45e8-885a-1813dca31e30,black,micro,KA16AB7168,True
77.99811554,13.756114959999998,8007896272,a13a4790-d48f-4f36-9bb6-b1be7187e880,pink,luxury,KA16AB7391,True
77.9679184,13.751350399999993,8635723818,0fc146a7-a952-4341-aace-82fcfc850ef6,brown,mini,KA16AB5854,True
77.97524261,13.752231600000002,9628489894,01c9da5d-ffe3-4791-ae9b-7f0e059f9593,green,mini,KA16AB6271,True
77.97898865,13.754707340000003,9777234238,71cecc57-5247-4fe2-96d8-c1b1c81501e6,black,mini,KA16AB6680,True
78.00189972,13.71506119,8315707168,306fe712-d1e6-44b8-b85e-b9e6753f0f1e,red,mini,KA16AB9648,True
77.97158813,13.74988174,9262796398,a571836d-69db-47d5-a76c-5e4203da3ae6,yellow,mini,KA16AB7137,True
77.9812851,13.733203889999999,9302403300,1df30206-8cb1-44b5-ba1c-c03b6ea1bbe5,red,micro,KA16AB7060,True
77.97657013,13.755596160000003,8259799577,1e45f110-546d-4301-abb8-54143f653341,black,micro,KA16AB5462,True
77.98914337,13.72137833,9506976832,83737d63-c6c3-4019-b166-e2bef75dffd5,green,micro,KA16AB7245,True
77.9563446,13.778343200000002,8766835016,1b1b29d3-fee8-4cd2-9ee6-223dfd418c90,black,max,KA16AB6011,True
77.99549866,13.733371730000002,8527002177,90d0caca-472b-44e1-8861-739f1e3bcf24,red,luxury,KA16AB9543,True
77.98699188,13.760379790000002,8823328592,31e15ac1-a378-475d-88a2-006eb6f35ad5,brown,micro,KA16AB6163,True
77.9910965,13.766063690000003,9730347372,8735e0be-c687-43dc-8c17-624fde09137d,green,luxury,KA16AB9120,True
78.01291656,13.702365880000002,8081139715,b1f2b369-cb5d-44d3-923d-3b7a9fe06eca,yellow,micro,KA16AB8566,True
77.95484924,13.773635859999999,9797409573,bc85a71b-55e1-4e3e-a2b4-cf4c799235e9,pink,mini,KA16AB7921,True
77.8707428,13.773571009999998,7951835437,94bf832a-db7b-414c-87d7-902804c6ae58,yellow,luxury,KA16AB9943,True
77.98122406,13.741584779999997,8693898431,b0c84e04-0265-41a7-9956-f75fe1a11221,pink,luxury,KA16AB7457,True
77.98207092,13.778827669999998,8853311019,0f089f76-cdea-4865-9513-47db0d74c31e,green,luxury,KA16AB5439,True
77.97550964,13.765193940000003,8182670794,ac7456c3-46b3-45ce-a8a9-cf1c5178126e,white,luxury,KA16AB5745,True
77.99764252,13.721153260000001,9312403380,1468fecd-be9b-449e-a5f6-aecdad1640d6,yellow,mini,KA16AB9860,True
78.00778198,13.715171810000001,9737911015,085a2702-5b1a-4568-8a6d-26c01feb763c,white,micro,KA16AB5750,True
77.96476746,13.769397740000002,9985557661,f1f9c04f-fdec-4ba8-ae4b-380c6208fdd9,pink,luxury,KA16AB8978,True
77.78197479,13.644508360000003,7852141256,d384b1e5-6fe6-4436-849c-0e608647af80,yellow,luxury,KA16AB8574,True
77.95153809,13.82520676,8497081308,edbe5e3e-e68c-4ada-a572-96a88d9ac16e,pink,max,KA16AB9898,True
77.99797058,13.761730190000002,8520193541,e5a76ea0-2a5c-48d7-a394-562da4c5510b,yellow,mini,KA16AB6159,True
77.98365021,13.7259903,9627866530,9517e8c0-9197-4dab-bd23-cbac77e7d021,white,mini,KA16AB5288,True
77.98223114,13.727779390000002,9940370459,75a7349b-f9f4-40a7-8027-b12a661b83e1,brown,luxury,KA16AB7214,True
78.01039124,13.712726590000003,7796683158,88b80207-69da-4396-b98b-b4e0bbd3189e,green,max,KA16AB6525,True
